Workbook

Sheet 0_Enunciado
A1: EXERCÍCIO – CUSTOS, SETUP E SUPRIMENTOS NA MONTAGEM DE BICICLETAS
A3: Contexto
A4: Uma montadora fabrica 3 modelos de bicicleta (Básica, Moderna e Avançada), cada um em sua própria linha. Toda ordem de produção (OP) exige um setup da linha. Os dados estão separados em 4 abas, como em um sistema real: custos de peças, setup das linhas, fornecedores e carteira de OPs.
A6: Abas de dados (não altere)
A7: 1_Custos – peças de cada modelo, material e custo do conjunto por bicicleta
A8: 2_Setup – tempo e custo de setup e tempo de ciclo por modelo
A9: 3_Fornecedores – dois fornecedores por material (Homologado e Reserva), lead time e frete
A10: 4_OPs – 24 ordens de produção com data, modelo, quantidade e status
A12: Tarefas (responda na aba 5_Respostas, células amarelas, sempre com FÓRMULAS que referenciem as abas de dados)
A13: Q1. Custo de materiais por bicicleta de cada modelo (soma das peças do modelo). Dica: SOMASE.
A14: Q2. Lead time crítico de cada modelo: o MAIOR lead time entre os fornecedores HOMOLOGADOS dos materiais usados no modelo. Dica: SOMASES para trazer o lead time de cada peça e MÁXIMOSES no modelo.
A15: Q3. Custo de materiais por bicicleta INCLUINDO frete (custo da peça × (1 + frete do fornecedor homologado do material)).
... A18: Q6. (Análise) Em qual modelo o setup pesa mais no custo? Que ação Lean você recomendaria (ex.: SMED, revisão de tamanho de lote) e por quê?

Sheet 1_Custos
A1: Código Peça | B1: Descrição | C1: Modelo Bicicleta | D1: Material Principal | E1: Custo Unitário | G1: Custo Unitário = custo do conjunto por bicicleta (ex.: pneu = par). Valores fictícios para fins didáticos.
A2: P-1001 | B2: Quadro Aço | C2: Básica | D2: Aço | E2: 150
A3: P-1002 | B3: Quadro Alumínio | C3: Moderna | D3: Alumínio | E3: 400
A4: P-1003 | B4: Quadro Carbono | C4: Avançada | D4: Carbono | E4: 850
A5: P-1004 | B5: Guidão Aço | C5: Básica | D5: Aço | E5: 35
A6: P-1005 | B6: Guidão Alumínio | C6: Moderna | D6: Alumínio | E6: 80
A7: P-1006 | B7: Guidão Carbono | C7: Avançada | D7: Carbono | E7: 150
A8: P-1007 | B8: Pneu Urbano | C8: Básica | D8: Borracha | E8: 40
A9: P-1008 | B9: Pneu Misto | C9: Moderna | D9: Borracha | E9: 75
A10: P-1009 | B10: Pneu Kevlar | C10: Avançada | D10: Borracha | E10: 120
A11: P-1010 | B11: Selim Básico | C11: Básica | D11: Polímero | E11: 25
A12: P-1011 | B12: Selim Gel | C12: Moderna | D12: Polímero | E12: 60
A13: P-1012 | B13: Selim Carbono | C13: Avançada | D13: Carbono | E13: 180
... A16: P-1015 | B16: Freio a Disco Hidráulico | C16: Avançada | D16: Alumínio | E16: 320

Sheet 2_Setup
A1: Modelo Bicicleta | B1: Linha de Montagem | C1: Tempo de Setup (min) | D1: Custo de Setup (R$/setup) | E1: Tempo de Ciclo (min/un) | G1: Cada OP exige 1 setup na linha do modelo. Valores fictícios.
A2: Básica | B2: Linha 1 | C2: 30 | D2: 180 | E2: 12
A3: Moderna | B3: Linha 2 | C3: 45 | D3: 320 | E3: 18
A4: Avançada | B4: Linha 3 | C4: 90 | D4: 750 | E4: 35

Sheet 3_Fornecedores
A1: Código Fornecedor | B1: Razão Social | C1: Material | D1: Status | E1: Lead Time (dias) | F1: Frete (% s/ custo) | G1: Nota Qualidade (0-10) | I1: Compras usa sempre o fornecedor 'Homologado'. Empresas fictícias.
A2: F-01 | B2: Siderúrgica Paulista Ltda | C2: Aço | D2: Homologado | E2: 7 | F2: 0.03 | G2: 8.5
A3: F-02 | B3: Aços Vale Comércio | C3: Aço | D3: Reserva | E3: 12 | F3: 0.02 | G3: 7.8
A4: F-03 | B4: AluTec Perfis | C4: Alumínio | D4: Homologado | E4: 15 | F4: 0.04 | G4: 9
A5: F-04 | B5: Ligas do Sul | C5: Alumínio | D5: Reserva | E5: 10 | F5: 0.06 | G5: 7.5
A6: F-05 | B6: CarbonFiber Brasil | C6: Carbono | D6: Homologado | E6: 30 | F6: 0.05 | G6: 9.4
A7: F-06 | B7: Compósitos Avançados SA | C7: Carbono | D7: Reserva | E7: 45 | F7: 0.03 | G7: 8.8
A8: F-07 | B8: Borrachas Industriais Serra | C8: Borracha | D8: Homologado | E8: 5 | F8: 0.02 | G8: 8.2
A9: F-08 | B9: Pneutec Distribuidora | C9: Borracha | D9: Reserva | E9: 8 | F9: 0.025 | G9: 7.9
A10: F-09 | B10: Plásticos ABC | C10: Polímero | D10: Homologado | E10: 10 | F10: 0.03 | G10: 8
A11: F-10 | B11: PoliForm Injetados | C11: Polímero | D11: Reserva | E11: 6 | F11: 0.04 | G11: 8.6

Sheet 4_OPs
A1: Nº OP | B1: Data Início | C1: Modelo Bicicleta | D1: Quantidade | E1: Status
A2: OP-001 | B2: 46267 | C2: Moderna | D2: 40 | E2: Concluída
A3: OP-002 | B3: 46268 | C3: Avançada | D3: 12 | E3: Concluída
A4: OP-003 | B4: 46271 | C4: Básica | D4: 40 | E4: Concluída
A5: OP-004 | B5: 46274 | C5: Básica | D5: 80 | E5: Concluída
A6: OP-005 | B6: 46277 | C6: Avançada | D6: 5 | E6: Concluída
A7: OP-006 | B7: 46278 | C7: Básica | D7: 60 | E7: Concluída
A8: OP-007 | B8: 46280 | C8: Moderna | D8: 20 | E8: Concluída
A9: OP-008 | B9: 46281 | C9: Moderna | D9: 20 | E9: Concluída
A10: OP-009 | B10: 46284 | C10: Básica | D10: 40 | E10: Concluída
A11: OP-010 | B11: 46285 | C11: Moderna | D11: 50 | E11: Concluída
A12: OP-011 | B12: 46286 | C12: Avançada | D12: 15 | E12: Concluída
A13: OP-012 | B13: 46289 | C13: Básica | D13: 150 | E13: Concluída
... A25: OP-024 | B25: 46311 | C25: Avançada | D25: 20 | E25: Planejada

Sheet 5_Respostas
A1: RESPOSTAS DO ALUNO
A3: Q1 a Q3 – Indicadores por modelo | F3: Preencha as células amarelas com fórmulas.
A4: Modelo Bicicleta | B4: Q1 Custo materiais/bicicleta | C4: Q2 Lead time crítico (dias) | D4: Q3 Custo materiais c/ frete/bicicleta
A5: Básica
A6: Moderna
A7: Avançada
A9: Q4 – Custo e tempo por OP
A10: Nº OP | B10: Modelo Bicicleta | C10: Quantidade | D10: Status | E10: Custo materiais (R$) | F10: Custo setup (R$) | G10: Custo total (R$) | H10: Custo por bicicleta (R$) | I10: Tempo total (h)
A11: ='4_OPs'!A2 -> OP-001 | B11: ='4_OPs'!C2 -> Moderna | C11: ='4_OPs'!D2 -> 40 | D11: ='4_OPs'!E2 -> Concluída | E11: 30444 | F11: 320 | G11: 30764 | H11: 769.1 | I11: 12.75 | J11: ← linha-exemplo resolvida (OP-001)
A12: ='4_OPs'!A3 -> OP-002 | B12: ='4_OPs'!C3 -> Avançada | C12: ='4_OPs'!D3 -> 12 | D12: ='4_OPs'!E3 -> Concluída
A13: ='4_OPs'!A4 -> OP-003 | B13: ='4_OPs'!C4 -> Básica | C13: ='4_OPs'!D4 -> 40 | D13: ='4_OPs'!E4 -> Concluída
A14: ='4_OPs'!A5 -> OP-004 | B14: ='4_OPs'!C5 -> Básica | C14: ='4_OPs'!D5 -> 80 | D14: ='4_OPs'!E5 -> Concluída
A15: ='4_OPs'!A6 -> OP-005 | B15: ='4_OPs'!C6 -> Avançada | C15: ='4_OPs'!D6 -> 5 | D15: ='4_OPs'!E6 -> Concluída
A16: ='4_OPs'!A7 -> OP-006 | B16: ='4_OPs'!C7 -> Básica | C16: ='4_OPs'!D7 -> 60 | D16: ='4_OPs'!E7 -> Concluída
A17: ='4_OPs'!A8 -> OP-007 | B17: ='4_OPs'!C8 -> Moderna | C17: ='4_OPs'!D8 -> 20 | D17: ='4_OPs'!E8 -> Concluída
A18: ='4_OPs'!A9 -> OP-008 | B18: ='4_OPs'!C9 -> Moderna | C18: ='4_OPs'!D9 -> 20 | D18: ='4_OPs'!E9 -> Concluída
A19: ='4_OPs'!A10 -> OP-009 | B19: ='4_OPs'!C10 -> Básica | C19: ='4_OPs'!D10 -> 40 | D19: ='4_OPs'!E10 -> Concluída
A20: ='4_OPs'!A11 -> OP-010 | B20: ='4_OPs'!C11 -> Moderna | C20: ='4_OPs'!D11 -> 50 | D20: ='4_OPs'!E11 -> Concluída
A21: ='4_OPs'!A12 -> OP-011 | B21: ='4_OPs'!C12 -> Avançada | C21: ='4_OPs'!D12 -> 15 | D21: ='4_OPs'!E12 -> Concluída
A22: ='4_OPs'!A13 -> OP-012 | B22: ='4_OPs'!C13 -> Básica | C22: ='4_OPs'!D13 -> 150 | D22: ='4_OPs'!E13 -> Concluída
A23: ='4_OPs'!A14 -> OP-013 | B23: ='4_OPs'!C14 -> Moderna | C23: ='4_OPs'!D14 -> 20 | D23: ='4_OPs'!E14 -> Concluída
... A34: ='4_OPs'!A25 -> OP-024 | B34: ='4_OPs'!C25 -> Avançada | C34: ='4_OPs'!D25 -> 20 | D34: ='4_OPs'!E25 -> Planejada
A36: Q5 – Resumo por modelo (somente OPs 'Concluída')
A37: Modelo Bicicleta | B37: Nº OPs | C37: Bicicletas produzidas | D37: Custo total (R$) | E37: Custo médio/bicicleta (R$) | F37: % do custo em setup
A38: Básica
A39: Moderna
A40: Avançada
A43: Q6 – Análise
