Workbook
Name AA: Sheet4!$B$2:$D$2
Name AC: Sheet4!$B$4:$D$4
Name BEBIDA: 'Dependent Dropdown Lists'!$B$2:$B$4
Name Coffee: Names!$B$9
Name COMID: 'Dependent Dropdown Lists'!$A$2:$A$5
Name comida: Names!$B$7
Name DE: Sheet4!$B$3:$D$3
Name Drink: 'Dependent Dropdown Lists'!$B$2:$B$4
Name EF: Sheet4!$B$6:$D$6
Name Feb: Sheet4!$C$2:$C$6
Name Food: 'Dependent Dropdown Lists'!$A$2:$A$5
Name GoldenRatio: 1.618033988749
Name Items: Table1[Items]
Name Items: Table1[Items]
Name Items: Table1[Items]
Name Items: Table1[Items]
Name Items: Table1[Items]
Name Items: Table1[Items]
Name Items: Table1[Items]
Name ItemsCells: Names!$A$6:$A$11
Name ItemsList: 'Dynamic Names'!$A$2:INDEX('Dynamic Names'!$A:$A,COUNTA('Dynamic Names'!$A:$A))
Name Jan: Sheet4!$B$2:$B$6
Name LastThreeItems: OFFSET('Dynamic Names'!$A$1,COUNTA('Dynamic Names'!$A:$A)-3,0,3,1)
Name LastThreeItemsAgain: OFFSET('Dynamic Names'!$A$1,COUNTA('Dynamic Names'!$A:$A)-3,0,3,1)
Name Mar: Sheet4!$D$2:$D$6
Name Pizza: Names!$B$6
Name Sales: Names!$B$6:$B$11
Name Salesperson: Sheet4!$B$2:$D$6
Name SegmentaçãodeDados_Category: #N/A
Name SegmentaçãodeDados_Item: #N/A
Name Slicer_Category: #N/A
Name tabela_vendas: #REF!
Name tabela_vendedor: 'Tables (2)'!$G$1:$J$6
Name Tea: Names!$B$8
Name Totals: Names!$B$1:$B$2
Name vendads_vendedor: Sheet4!$A$1:$D$6
Name VENDAS_2026: VENDAS_EU[]
Name vendas_ano: Sheet4!$B$2:$D$6
Name vendas_total_ano: Tabela1315[#All]
Name vendedor: 'Tables (2)'!$G$1:$J$6
Name YR: Sheet4!$B$5:$D$5

Sheet References
A1: 1 | B1: 4 | C1: =A1*B1 -> 4 | D1: =SUM(A1:B1) -> 5 | E1: =SUM(A1:B1)*$G$1 -> 2.5 | G1: 0.5
A2: 2 | B2: 5 | C2: =A2*B2 -> 10 | D2: =SUM(A2:B2) -> 7 | E2: =SUM(A2:B2)*$G$1 -> 3.5
A3: 3 | B3: 6 | C3: =A3*B3 -> 18 | D3: =SUM(A3:B3) -> 9 | E3: =SUM(A3:B3)*$G$1 -> 4.5
C5: Length
C6: 1 | D6: 2 | E6: 3
A7: Width | B7: 1 | C7: =$B7*C$6 -> 1 | D7: =$B7*D$6 -> 2 | E7: =$B7*E$6 -> 3
B8: 2 | C8: =$B8*C$6 -> 2 | D8: =$B8*D$6 -> 4 | E8: =$B8*E$6 -> 6
B9: 3 | C9: =$B9*C$6 -> 3 | D9: =$B9*D$6 -> 6 | E9: =$B9*E$6 -> 9

Sheet References Mixed
A1: 1 | B1: 4 | C1: =A1*B1 -> 4 | D1: =SUM(A1:B1) -> 5 | E1: =SUM(A1:B1)*$G$1 -> 2.5 | G1: 0.5
A2: 2 | B2: 5 | C2: =A2*B2 -> 10 | D2: =SUM(A2:B2) -> 7 | E2: =SUM(A2:B2)*$G$1 -> 3.5
A3: 3 | B3: 6 | C3: =A3*B3 -> 18 | D3: =SUM(A3:B3) -> 9 | E3: =SUM(A3:B3)*$G$1 -> 4.5
C5: Length
C6: 1 | D6: 2 | E6: 3
A7: Width | B7: 1 | C7: =$B7*C$6 -> 1 | D7: =$B7*D$6 -> 2 | E7: =$B7*E$6 -> 3
B8: 2 | C8: =$B8*C$6 -> 2 | D8: =$B8*D$6 -> 4 | E8: =$B8*E$6 -> 6
B9: 3 | C9: =$B9*C$6 -> 3 | D9: =$B9*D$6 -> 6 | E9: =$B9*E$6 -> 9

Sheet Conditional Formatting
A1: 5 | B1: 3
A2: 4 | B2: 2
A3: 3 | B3: 1
A4: 2 | B4: 4
A5: 1 | B5: 5

Sheet Conditional Formatting 2
A1: 3 | B1: 3 | C1: 2 | D1: 0.2 | E1: 1 | F1: 0.6
A2: 2 | B2: 1 | C2: 3 | D2: 0.2 | E2: 2 | F2: 3
A3: 1 | B3: 2 | C3: 1 | D3: 3 | E3: 3 | F3: 2

Sheet R1C1
A1: =C2 -> 0

Sheet R1C1 Blank

Sheet Workbook References
A1: =[1]Summary!$A$1 -> 0
B2: =[2]Summary!$B$1 -> 0

Sheet 3-D References
A1: =SUM(HR:Sales!B1) -> 54889.72 | C1: =_xlfn.TEXTJOIN(" ", TRUE, HR:Sales!B1) -> -14834,87 -6873,97 76598,56
C2: =_xlfn.CONCAT(HR:Sales!B1) -> -14834,87-6873,9776598,56
A3: {=_xlfn.VSTACK(HR:Sales!B1)} -> -14834.87
A4: -6873.97
A5: 76598.56
A9: =SUM(HR:Sales!B1) -> 54889.72

Sheet HR
A1: Total: | B1: -14834.87

Sheet Marketing
A1: Total: | B1: -6873.97

Sheet Sales
A1: Total: | B1: 76598.56

Sheet Names
A1: Food Total: | B1: 1278.89 | H1: {=Items} -> Pizza | I1: {=LastThreeItems} -> Soup
A2: Drink Total: | B2: 187.45 | H2: Burger | I2: Samosa
H3: Tea | I3: Cake
H4: Coffee
A5: Items | B5: Sales | H5: Samosa
A6: Pizza | B6: 3456.43 | H6: Cake
A7: Burger | B7: 32876.23
A8: Tea | B8: 3456.12
A9: Coffee | B9: 54391.86
A10: Samosa | B10: 7907843
A11: Cake | B11: 789690
A20: Items | B20: Sales | C20: Another column
A21: Pizza | B21: 3456.43
A22: Burger | B22: 32876.23 | C22: fsdfasf
A23: Tea | B23: 3456.12
A24: Coffee | B24: 54391.86
A25: Samosa | B25: 7907843
A26: Cola | B26: 789709
A27: Cake | B27: 678969

Sheet Dynamic Names
A1: Items | D1: {=LastThreeItems} -> Soup
A2: Pizza | D2: Samosa
A3: Burger | D3: Cake
A4: Salad
A5: Soup
A6: Samosa
A7: Cake

Sheet Data Validation
A1: 0 | C1: =TODAY() -> 46260 | F1: Coffee
F2: Tea
A3: -1 | F3: Burger

Sheet Dependent Dropdown Lists
A1: Food | B1: Drink | D1: Category | E1: Item
A2: Burger | B2: Coffee | D2: Food | E2: Cake
A3: Cake | B3: Cola | D3: Drink | E3: Cola
A4: Pizza | B4: Tea | D4: Drink | E4: Cola
A5: Salad | D5: Drink | E5: Tea

Sheet Data-Entry Form
A1: Category | B1: Item | C1: Amount | D1: DESCOUNT
A3: Food | B3: Pizza | C3: 15.87
A4: Food | B4: Pizza | C4: 18.53
A5: Drink | B5: Coffee | C5: 3.76
A6: Drink | B6: Tea | C6: 5.34
A7: FOOD | B7: CAKE | C7: 125

Sheet Advanced Filter
A1: Criteria | P1: Category | Q1: Item | R1: Amount
A2: Category | B2: Item | C2: Amount | P2: Drink | Q2: Coffee | R2: 3.76
A3: ="=Food" -> =Food | P3: Drink | Q3: Coffee | R3: 4.23
B4: C* | P4: Food | Q4: Cake | R4: 10.76
P5: Food | Q5: Cake | R5: 12.54
A6: Category | B6: Item | C6: Amount | P6: Food | Q6: Burger | R6: 12.95
A7: Drink | B7: Coffee | C7: 3.76 | P7: Food | Q7: Pizza | R7: 15.87
A8: Drink | B8: Coffee | C8: 4.23 | P8: Food | Q8: Pizza | R8: 18.53
A9: Drink | B9: Tea | C9: 5.34
A10: Food | B10: Cake | C10: 10.76
A11: Food | B11: Cake | C11: 12.54
A12: Food | B12: Burger | C12: 12.95
A13: Food | B13: Pizza | C13: 15.87
A14: Food | B14: Pizza | C14: 18.53
C15: =SUM(C7:C14) -> 83.98
J16: Food | K16: Cake | L16: 10.76

Sheet Outlines
A1: Category | B1: Item | C1: Amount
A2: Drink | B2: Coffee | C2: 3.76
A3: Drink | B3: Tea | C3: 5.34
A4: Drink Total | C4: =SUBTOTAL(9,C2:C3) -> 9.1
A5: Food | B5: Cake | C5: 12.54
A6: Food | B6: Pizza | C6: 15.87
A7: Food | B7: Pizza | C7: 18.53
A8: Food Total | C8: =SUBTOTAL(9,C5:C7) -> 46.94
A9: Grand Total | C9: =SUBTOTAL(9,C2:C7) -> 56.04

Sheet Outlines (3)
A1: Category | B1: Item | C1: Amount
A2: Drink | B2: Coffee | C2: 3.76
B3: Coffee Total | C3: =SUBTOTAL(9,C2:C2) -> 3.76
A4: Drink | B4: Tea | C4: 5.34
B5: Tea Total | C5: =SUBTOTAL(9,C4:C4) -> 5.34
A6: Food | B6: Cake | C6: 12.54
B7: Cake Total | C7: =SUBTOTAL(9,C6:C6) -> 12.54
A8: Food | B8: Pizza | C8: 15.87
A9: Food | B9: Pizza | C9: 18.53
B10: Pizza Total | C10: =SUBTOTAL(9,C8:C9) -> 34.4
B11: Total Geral | C11: =SUBTOTAL(9,C2:C9) -> 56.04

Sheet Outlines (2)
A1: Category | B1: Item | C1: Amount
A2: Drink | B2: Coffee | C2: 3.76
A3: Drink | B3: Tea | C3: 5.34
A4: Drink Total | C4: =SUBTOTAL(9,C2:C3) -> 9.1
A5: Food | B5: Cake | C5: 12.54
A6: Food | B6: Pizza | C6: 15.87
A7: Food | B7: Pizza | C7: 18.53
A8: Food Total | C8: =SUBTOTAL(9,C5:C7) -> 46.94
A9: Total Geral | C9: =SUBTOTAL(9,C2:C7) -> 56.04

Sheet Table
A1: Category | B1: Item | C1: Amount
A2: Food | B2: Cake | C2: 12.54
A3: Food | B3: Pizza | C3: 15.87
A4: Food | B4: Pizza | C4: 18.53
A5: Drink | B5: Coffee | C5: 3.76
A6: Drink | B6: Tea | C6: 5.34
A7: Total | C7: =SUBTOTAL(109,Table!$C$2:$C$6) -> 56.04

Sheet Tables
A1: Salesperson | B1: Jan | C1: Feb | D1: Mar
A2: AA | B2: 15487 | C2: 24587 | D2: 23415
A3: DE | B3: 18236 | C3: 21459 | D3: 74125
A4: AC | B4: 12684 | C4: 24387 | D4: 62458
A5: YR | B5: 17954 | C5: 34158 | D5: 41257
A6: EF | B6: 32457 | C6: 52748 | D6: 85276
A7: Total | B7: =SUBTOTAL(109,SalesTable[Jan]) -> 96818 | C7: =SUBTOTAL(109,SalesTable[Feb]) -> 157339 | D7: =SUBTOTAL(109,SalesTable[Mar]) -> 286531
B10: =SUM(SalesTable[Jan]) -> 96818 | C10: =SUM(SalesTable[Feb]) -> 157339 | D10: =SUM(SalesTable[Mar]) -> 286531 | F10: =ROWS(SalesTable[]) -> 5
B11: =SalesTable[[#Totals],[Jan]] -> 96818 | C11: =SalesTable[[#Totals],[Feb]] -> 157339 | D11: =SalesTable[[#Totals],[Mar]] -> 286531 | F11: =ROWS(SalesTable[#Data]) -> 5
B13: =SUM(SalesTable[[Jan]:[Jan]]) -> 96818 | C13: =SUM(SalesTable[[Jan]:[Jan]]) -> 96818 | D13: =SUM(SalesTable[[Jan]:[Jan]]) -> 96818
B14: {=SalesTable[[#Totals],[Jan]:[Jan]]} -> 96818 | C14: {=SalesTable[[#Totals],[Jan]:[Jan]]} -> 96818 | D14: {=SalesTable[[#Totals],[Jan]:[Jan]]} -> 96818
B16: =SUM(SalesTable[[Jan]:[Feb]]) -> 254157 | C16: =SUM(SalesTable[[Jan]:[Feb]]) -> 254157
B17: =SUM(SalesTable[Jan]:SalesTable[Feb]) -> 254157 | C17: =SUM(SalesTable[Feb]:SalesTable[Mar]) -> 443870

Sheet Tables (2)
A1: Salesperson | B1: Jan | C1: Feb | D1: Mar | E1: totais | G1: Salesperson | H1: Jan | I1: Feb | J1: Mar | K1: totais
A2: AA | B2: 15487 | C2: 24587 | D2: 23415 | E2: =SUM(B2:D2) -> 63489 | G2: AA | H2: 15487 | I2: 24587 | J2: 23415 | K2: =SUM(H2:J2) -> 63489
A3: DE | B3: 18236 | C3: 21459 | D3: 74125 | E3: =SUM(B3:D3) -> 113820 | G3: DE | H3: 18236 | I3: 21459 | J3: 74125 | K3: =SUM(H3:J3) -> 113820
A4: AC | B4: 12684 | C4: 24387 | D4: 62458 | E4: =SUM(B4:D4) -> 99529 | G4: AC | H4: 12684 | I4: 24387 | J4: 62458 | K4: =SUM(H4:J4) -> 99529
A5: YR | B5: 17954 | C5: 34158 | D5: 41257 | E5: =SUM(B5:D5) -> 93369 | G5: YR | H5: 17954 | I5: 34158 | J5: 41257 | K5: =SUM(H5:J5) -> 93369
A6: EF | B6: 32457 | C6: 52748 | D6: 85276 | E6: =SUM(B6:D6) -> 170481 | G6: EF | H6: 32457 | I6: 52748 | J6: 85276 | K6: =SUM(H6:J6) -> 170481
A7: Total | B7: =SUBTOTAL(109,'Tables (2)'!$B$2:$B$6) -> 96818 | C7: =SUBTOTAL(109,'Tables (2)'!$C$2:$C$6) -> 157339 | D7: =SUBTOTAL(109,'Tables (2)'!$D$2:$D$6) -> 286531 | E7: =SUM(B7:D7) -> 540688 | G7: Total | H7: =SUBTOTAL(109,'Tables (2)'!$B$2:$B$6) -> 96818 | I7: =SUBTOTAL(109,'Tables (2)'!$C$2:$C$6) -> 157339 | J7: =SUBTOTAL(109,'Tables (2)'!$D$2:$D$6) -> 286531 | K7: =SUM(H7:J7) -> 540688

Sheet Sheet4
A1: vendas_ano | B1: Jan | C1: Feb | D1: Mar | E1: totais
A2: AA | B2: 15487 | C2: 24587 | D2: 23415 | E2: =SUM(B2:D2) -> 63489
A3: DE | B3: 18236 | C3: 21459 | D3: 74125 | E3: =SUM(B3:D3) -> 113820
A4: AC | B4: 12684 | C4: 24387 | D4: 62458 | E4: =SUM(B4:D4) -> 99529
A5: YR | B5: 17954 | C5: 34158 | D5: 41257 | E5: =SUM(B5:D5) -> 93369
A6: EF | B6: 32457 | C6: 52748 | D6: 85276 | E6: =SUM(B6:D6) -> 170481
A7: Total | B7: =SUBTOTAL(109,'Tables (2)'!$B$2:$B$6) -> 96818 | C7: =SUBTOTAL(109,'Tables (2)'!$C$2:$C$6) -> 157339 | D7: =SUBTOTAL(109,'Tables (2)'!$D$2:$D$6) -> 286531 | E7: =SUM(B7:D7) -> 540688

Sheet Planilha4
A1: vendas_ano | B1: Jan | C1: Feb | D1: Mar | E1: TOTAL | F1: media
A2: AA | B2: 15487 | C2: 24587 | D2: 23415 | E2: =SUM(VENDAS_EU[[#This Row],[Jan]:[Mar]]) -> 63489 | H2: {=VENDAS_EU[]} -> AA | I2: 15487 | J2: 24587 | K2: 23415 | L2: 63489 | M2: 0
A3: DE | B3: 18236 | C3: 21459 | D3: 74125 | E3: =SUM(VENDAS_EU[[#This Row],[Jan]:[Mar]]) -> 113820 | H3: DE | I3: 18236 | J3: 21459 | K3: 74125 | L3: 113820 | M3: 0
A4: AC | B4: 12684 | C4: 24387 | D4: 62458 | E4: =SUM(VENDAS_EU[[#This Row],[Jan]:[Mar]]) -> 99529 | H4: AC | I4: 12684 | J4: 24387 | K4: 62458 | L4: 99529 | M4: 0
A5: YR | B5: 17954 | C5: 34158 | D5: 41257 | E5: =SUM(VENDAS_EU[[#This Row],[Jan]:[Mar]]) -> 93369 | H5: YR | I5: 17954 | J5: 34158 | K5: 41257 | L5: 93369 | M5: 0
A6: EF | B6: 32457 | C6: 52748 | D6: 85276 | E6: =SUM(VENDAS_EU[[#This Row],[Jan]:[Mar]]) -> 170481 | H6: EF | I6: 32457 | J6: 52748 | K6: 85276 | L6: 170481 | M6: 0
A7: Total | B7: =SUM(B2:B6) -> 96818 | C7: =SUM(C2:C6) -> 157339 | D7: =SUM(D2:D6) -> 286531 | E7: =SUM(VENDAS_EU[[#This Row],[Jan]:[Mar]]) -> 540688 | H7: Total | I7: 96818 | J7: 157339 | K7: 286531 | L7: 540688 | M7: 0
H10: {=VENDAS_EU[#Data]} -> AA | I10: 15487 | J10: 24587 | K10: 23415 | L10: 63489 | M10: 0
H11: DE | I11: 18236 | J11: 21459 | K11: 74125 | L11: 113820 | M11: 0
H12: AC | I12: 12684 | J12: 24387 | K12: 62458 | L12: 99529 | M12: 0
H13: YR | I13: 17954 | J13: 34158 | K13: 41257 | L13: 93369 | M13: 0
H14: EF | I14: 32457 | J14: 52748 | K14: 85276 | L14: 170481 | M14: 0
H15: Total | I15: 96818 | J15: 157339 | K15: 286531 | L15: 540688 | M15: 0
H17: {=VENDAS_EU[vendas_ano]} -> AA
H18: DE
H19: AC
H20: YR
H21: EF
H22: Total
